{"171": [[{"[libF]": [{"funcF_libF": [1, ["3.414789", "3.414799", 1e-05, 0]], "funcA_libF": [25, ["154.615094", "156.771170", 2.156076, 19]]}, 26, 68.563744], "[libB]": [{"funcA_libB": [19, ["14.984047", "16.484725", 1.500678, 1]]}, 19, 59.45277300000001], "[libC]": [{"funcA_libC": [38, ["21.414221", "23.722375", 2.308154, 2]]}, 38, 113.21743099999999], "[libE]": [{"funcA_libE": [31, ["26.495630", "26.811344", 0.315714, 3]]}, 31, 77.64913], "[libA]": [{"funcA_libA": [14, ["74.637566", "77.822627", 3.185061, 9]]}, 14, 39.301949], "[libD]": [{"funcA_libD": [25, ["83.271217", "86.140963", 2.869746, 10]]}, 25, 72.30591700000001]}, {"[libA]": [{"funcE_libA": [1, ["3.414349", "3.415116", 0.000767, 0]], "funcB_libA": [25, ["15.787101", "16.480734", 0.693633, 1]]}, 26, 24.193455], "[libD]": [{"funcB_libD": [19, ["22.056766", "22.281108", 0.224342, 2]]}, 19, 22.111264], "[libF]": [{"funcB_libF": [26, ["26.760642", "26.806558", 0.045916, 3]]}, 26, 27.777162], "[libB]": [{"funcB_libB": [32, ["33.845322", "36.969331", 3.124009, 4]]}, 32, 35.35922], "[libC]": [{"funcB_libC": [27, ["76.429086", "76.649497", 0.220411, 9]]}, 27, 34.423262], "[libE]": [{"funcB_libE": [23, ["155.255368", "156.514446", 1.259078, 19]]}, 23, 26.473201]}, {"[libE]": [{"funcD_libE": [1, ["3.413731", "3.416049", 0.002318, 0]], "funcC_libE": [29, ["36.391576", "36.781178", 0.389602, 4]]}, 30, 15.239563000000002], "[libB]": [{"funcC_libB": [22, ["15.788184", "16.331046", 0.542862, 1]]}, 22, 5.80644], "[libA]": [{"funcC_libA": [25, ["52.137719", "52.157029", 0.01931, 6]]}, 25, 11.762983], "[libD]": [{"funcC_libD": [25, ["65.657665", "67.102733", 1.445068, 8]]}, 25, 10.396071], "[libC]": [{"funcC_libC": [30, ["83.994110", "84.361245", 0.367135, 10]]}, 30, 13.299189999999998], "[libF]": [{"funcC_libF": [21, ["141.077808", "141.163551", 0.085743, 17]]}, 21, 12.229345]}, {"[libE]": [{"funcC_libE": [1, ["3.412934", "3.417058", 0.004124, 0]], "funcD_libE": [23, ["42.871957", "43.002414", 0.130457, 5]]}, 24, 5.092413], "[libB]": [{"funcD_libB": [19, ["16.012680", "16.234174", 0.221494, 1]]}, 19, 1.7720580000000001], "[libA]": [{"funcD_libA": [23, ["22.217253", "22.262815", 0.045562, 2]]}, 23, 6.334813999999999], "[libD]": [{"funcD_libD": [32, ["26.778488", "26.786232", 0.007744, 3]]}, 32, 9.397486999999998], "[libF]": [{"funcD_libF": [26, ["84.037323", "84.193886", 0.156563, 10]]}, 26, 2.1902250000000003], "[libC]": [{"funcD_libC": [29, ["107.943603", "107.965084", 0.021481, 13]]}, 29, 3.8907559999999997]}, {"[libB]": [{"funcB_libB": [1, ["3.360305", "3.468110", 0.107805, 0]], "funcE_libB": [31, ["66.167622", "66.836218", 0.668596, 8]]}, 32, 2.3470229999999996], "[libE]": [{"funcE_libE": [23, ["16.089751", "16.203154", 0.113403, 1]]}, 23, 0.676514], "[libF]": [{"funcE_libF": [22, ["22.222511", "22.248905", 0.026394, 2]]}, 22, 0.8277000000000002], "[libC]": [{"funcE_libC": [25, ["52.144113", "52.150077", 0.005964, 6]]}, 25, 1.5280820000000002], "[libD]": [{"funcE_libD": [27, ["59.001815", "59.003350", 0.001535, 7]]}, 27, 1.8247389999999997], "[libA]": [{"funcE_libA": [24, ["141.130920", "141.134969", 0.004049, 17]]}, 24, 1.951205]}, {"[libB]": [{"funcA_libB": [1, ["3.273116", "3.472011", 0.198895, 0]], "funcF_libB": [21, ["36.478210", "36.486146", 0.007936, 4]]}, 22, 0.5083810000000001], "[libA]": [{"funcF_libA": [42, ["16.112514", "16.165606", 0.053092, 1]]}, 42, 1.236502], "[libF]": [{"funcF_libF": [24, ["22.242272", "22.245370", 0.003098, 2]]}, 24, 0.6415219999999999], "[libE]": [{"funcF_libE": [24, ["42.948048", "42.958163", 0.010115, 5]]}, 24, 0.4337719999999999], "[libD]": [{"funcF_libD": [24, ["66.587647", "66.714430", 0.126783, 8]]}, 24, 0.37934499999999993], "[libC]": [{"funcF_libC": [17, ["251.911693", "251.918561", 0.006868, 31]]}, 17, 0.205324]}], 153, 3.2059610000000007], "198": [[{"[libC]": [{"funcF_libC": [1, ["1156.185025", "1156.394850", 0.209825, 153]], "funcA_libC": [63, ["1179.362518", "1181.592476", 2.229958, 3]]}, 64, 186.52516199999994], "[libE]": [{"funcA_libE": [77, ["1161.432265", "1166.231421", 4.799156, 1]]}, 77, 245.45705499999997], "[libD]": [{"funcA_libD": [80, ["1170.058825", "1175.643353", 5.584528, 2]]}, 80, 257.15468400000003], "[libF]": [{"funcA_libF": [73, ["1197.868752", "1200.083511", 2.214759, 6]]}, 73, 220.10591499999992], "[libB]": [{"funcA_libB": [80, ["1202.772443", "1203.398575", 0.626132, 7]]}, 80, 224.66571000000008], "[libA]": [{"funcA_libA": [92, ["1247.496422", "1253.163727", 5.667305, 13]]}, 92, 290.924462]}, {"[libE]": [{"funcE_libE": [1, ["1155.980539", "1156.523423", 0.542884, 153]], "funcB_libE": [76, ["1162.488430", "1165.154258", 2.665828, 1]]}, 77, 122.29869400000003], "[libA]": [{"funcB_libA": [79, ["1170.790532", "1173.719137", 2.928605, 2]]}, 79, 89.330074], "[libC]": [{"funcB_libC": [81, ["1180.353883", "1180.574571", 0.220688, 3]]}, 81, 96.51496300000001], "[libD]": [{"funcB_libD": [79, ["1198.109684", "1199.765677", 1.655993, 6]]}, 79, 112.59975900000006], "[libF]": [{"funcB_libF": [75, ["1294.931561", "1296.235041", 1.30348, 19]]}, 75, 94.90266699999998], "[libB]": [{"funcB_libB": [75, ["1338.228422", "1338.622610", 0.394188, 25]]}, 75, 84.56475100000002]}, {"[libC]": [{"funcD_libC": [1, ["1155.911411", "1156.574606", 0.663195, 153]], "funcC_libC": [81, ["1163.070824", "1164.263588", 1.192764, 1]]}, 82, 57.597585999999986], "[libD]": [{"funcC_libD": [88, ["1171.338904", "1173.422699", 2.083795, 2]]}, 88, 69.545665], "[libF]": [{"funcC_libF": [77, ["1180.482803", "1180.541592", 0.058789, 3]]}, 77, 35.88971899999998], "[libE]": [{"funcC_libE": [67, ["1183.571919", "1183.814300", 0.242381, 4]]}, 67, 25.362921000000007], "[libB]": [{"funcC_libB": [78, ["1217.048974", "1217.327021", 0.278047, 9]]}, 78, 31.552826000000014], "[libA]": [{"funcC_libA": [74, ["1288.275454", "1288.277740", 0.002286, 18]]}, 74, 33.745253000000005]}, {"[libF]": [{"funcC_libF": [1, ["1155.800801", "1157.133785", 1.332984, 153]], "funcD_libF": [80, ["1183.719023", "1183.764388", 0.045365, 4]]}, 81, 17.040192000000005], "[libA]": [{"funcD_libA": [94, ["1163.766273", "1163.969890", 0.203617, 1]]}, 94, 20.695723000000005], "[libC]": [{"funcD_libC": [79, ["1180.504934", "1180.507734", 0.0028, 3]]}, 79, 16.51202199999999], "[libB]": [{"funcD_libB": [63, ["1210.027609", "1210.170121", 0.142512, 8]]}, 63, 18.20320999999999], "[libE]": [{"funcD_libE": [72, ["1238.513889", "1238.933884", 0.419995, 12]]}, 72, 16.421950000000002], "[libD]": [{"funcD_libD": [77, ["1276.153731", "1276.153938", 0.000207, 17]]}, 77, 14.883367]}, {"[libC]": [{"funcB_libC": [1, ["1155.317560", "1157.261337", 1.943777, 153]], "funcE_libC": [82, ["1248.830761", "1248.830818", 5.7e-05, 13]]}, 83, 8.818600000000002], "[libF]": [{"funcE_libF": [85, ["1163.832372", "1163.918770", 0.086398, 1]]}, 85, 5.435914000000001], "[libB]": [{"funcE_libB": [71, ["1172.862525", "1173.051844", 0.189319, 2]]}, 71, 5.273068000000002], "[libE]": [{"funcE_libE": [62, ["1191.454094", "1191.500223", 0.046129, 5]]}, 62, 6.6973069999999995], "[libA]": [{"funcE_libA": [66, ["1199.356128", "1199.419868", 0.06374, 6]]}, 66, 6.257056000000001], "[libD]": [{"funcE_libD": [99, ["1324.098909", "1324.099716", 0.000807, 23]]}, 99, 9.584853999999998]}, {"[libF]": [{"funcA_libF": [1, ["1154.474919", "1157.375815", 2.900896, 153]], "funcF_libF": [68, ["1199.357368", "1199.389999", 0.032631, 6]]}, 69, 5.064387], "[libC]": [{"funcF_libC": [70, ["1163.860181", "1163.898835", 0.038654, 1]]}, 70, 2.098976], "[libE]": [{"funcF_libE": [83, ["1172.911590", "1173.015509", 0.103919, 2]]}, 83, 2.884099000000001], "[libA]": [{"funcF_libA": [73, ["1183.740048", "1183.744500", 0.004452, 4]]}, 73, 2.4027879999999993], "[libD]": [{"funcF_libD": [78, ["1217.205431", "1217.217916", 0.012485, 9]]}, 78, 2.773414], "[libB]": [{"funcF_libB": [93, ["1234.881164", "1234.888148", 0.006984, 11]]}, 93, 3.167624]}], 466, 18.906177999999983], "230": [[{"[libD]": [{"funcF_libD": [1, ["4627.832864", "4627.846138", 0.013274, 466]],