{
    "Threads": {
        "0x7f021b53ddc0": 19.52713680267334,
        "0x7f0219536700": 3.9959354400634766,
        "0x7f0219d37700": 4.012590169906616,
        "0x7f021a538700": 4.021782875061035,
        "0x7f021ad39700": 4.072301626205444,
        "0x7f021b53a700": 4.016050338745117
    },
    "tidLibs": {
        "0x7f021b53ddc0": {
            "libc-2.31.so": 0.006525993347167969,
            "libpthread-2.31.so": 19.520610809326172
        },
        "0x7f0219536700": {
            "libm-2.31.so": 3.9959354400634766
        },
        "0x7f0219d37700": {
            "libm-2.31.so": 4.012590169906616
        },
        "0x7f021a538700": {
            "libm-2.31.so": 4.021782875061035
        },
        "0x7f021ad39700": {
            "libm-2.31.so": 4.072301626205444
        },
        "0x7f021b53a700": {
            "libm-2.31.so": 4.016050338745117
        }
    },
    "funcs": {
        "free": 5.0067901611328125e-06,
        "fclose": 4.315376281738281e-05,
        "fprintf": 0.0034942626953125,
        "fopen": 7.510185241699219e-05,
        "pthread_join": 19.520285844802856,
        "pthread_create": 0.0003249645233154297,
        "printf": 1.430511474609375e-05,
        "malloc": 3.218650817871094e-05,
        "__isoc99_fscanf": 0.0027358531951904297,
        "atoi": 7.152557373046875e-06,
        "fflush": 1.0967254638671875e-05,
        "puts": 0.00010800361633300781,
        "expf": 12.049566268920898,
        "logf": 4.037543535232544,
        "sqrtf": 4.031550645828247
    },
    "tidlibsFuncs": {
        "0x7f021b53ddc0": {
            "libc-2.31.so": {
                "free": 5.0067901611328125e-06,
                "fclose": 4.315376281738281e-05,
                "fprintf": 0.0034942626953125,
                "fopen": 7.510185241699219e-05,
                "printf": 1.430511474609375e-05,
                "malloc": 3.218650817871094e-05,
                "__isoc99_fscanf": 0.0027358531951904297,
                "atoi": 7.152557373046875e-06,
                "fflush": 1.0967254638671875e-05,
                "puts": 0.00010800361633300781
            },
            "libpthread-2.31.so": {
                "pthread_join": 19.520285844802856,
                "pthread_create": 0.0003249645233154297
            }
        },
        "0x7f0219536700": {
            "libm-2.31.so": {
                "expf": 2.3827104568481445,
                "logf": 0.8113436698913574,
                "sqrtf": 0.8018813133239746
            }
        },
        "0x7f0219d37700": {
            "libm-2.31.so": {
                "expf": 2.4112939834594727,
                "logf": 0.7961044311523438,
                "sqrtf": 0.8051917552947998
            }
        },
        "0x7f021a538700": {
            "libm-2.31.so": {
                "expf": 2.399397373199463,
                "logf": 0.8160305023193359,
                "sqrtf": 0.8063549995422363
            }
        },
        "0x7f021ad39700": {
            "libm-2.31.so": {
                "expf": 2.448698043823242,
                "logf": 0.8112361431121826,
                "sqrtf": 0.8123674392700195
            }
        },
        "0x7f021b53a700": {
            "libm-2.31.so": {
                "expf": 2.407466411590576,
                "logf": 0.8028287887573242,
                "sqrtf": 0.8057551383972168
            }
        }
    },
    "libsFuncs": {
        "libc-2.31.so": {
            "free": 5.0067901611328125e-06,
            "fclose": 4.315376281738281e-05,
            "fprintf": 0.0034942626953125,
            "fopen": 7.510185241699219e-05,
            "printf": 1.430511474609375e-05,
            "malloc": 3.218650817871094e-05,
            "__isoc99_fscanf": 0.0027358531951904297,
            "atoi": 7.152557373046875e-06,
            "fflush": 1.0967254638671875e-05,
            "puts": 0.00010800361633300781
        },
        "libpthread-2.31.so": {
            "pthread_join": 19.520285844802856,
            "pthread_create": 0.0003249645233154297
        },
        "libm-2.31.so": {
            "expf": 12.049566268920898,
            "logf": 4.037543535232544,
            "sqrtf": 4.031550645828247
        }
    },
    "libsFuncsScaled": {
        "libm-2.31.so": {
            "expf": 2.40991325378418,
            "logf": 0.8075087070465088,
            "sqrtf": 0.8063101291656494
        },
        "libc-2.31.so": {
            "fopen": 7.510185241699219e-05,
            "fclose": 4.315376281738281e-05,
            "fflush": 1.0967254638671875e-05,
            "__isoc99_fscanf": 0.0027358531951904297,
            "printf": 1.430511474609375e-05,
            "atoi": 7.152557373046875e-06,
            "fprintf": 0.0034942626953125,
            "free": 5.0067901611328125e-06,
            "malloc": 3.218650817871094e-05,
            "puts": 0.00010800361633300781
        },
        "libpthread-2.31.so": {
            "pthread_join": 19.520285844802856,
            "pthread_create": 0.0003249645233154297
        }
    },
    "libsScaled": {
        "libm-2.31.so": 4.023732089996338,
        "libc-2.31.so": 0.006525993347167969,
        "libpthread-2.31.so": 19.520610809326172
    }
}