{
    "ThreadRoot": {
        "blackscholes-pt-?/64796": 22.828691999893636,
        "perf-?/64796": 0.0035210000351071358,
        "blackscholes-pt-?/64805": 11.674026982858777,
        "blackscholes-pt-?/64806": 12.198550017084926
    },
    "threads": {
        "blackscholes-pt-?/64796": 46.70126899983734,
        "perf-?/64796": 0.0035210000351071358,
        "blackscholes-pt-?/64805": 23.348133999854326,
        "blackscholes-pt-?/64806": 23.872506000101566
    },
    "funcs": {
        "!_IO_new_file_xsputn": 0.05491400137543678,
        "!__mpn_divrem": 1.7170319948345423,
        "!__mpn_mul": 0.0643279985524714,
        "Unknown": 9.038734001573175,
        "!__GI_____strtof_l_internal": 3.0825720257125795,
        "!_pthread_cleanup_pop_restore": 0.013093000277876854,
        "str_to_mpn": 0.6407649898901582,
        "!__GI__IO_sputbackc": 0.15204200241714716,
        "round_and_return": 0.36089500319212675,
        "!__memmove_avx_unaligned_erms": 0.12078699981793761,
        "!_pthread_cleanup_push_defer": 0.017178999725729227,
        "@plt": 0.05210700025781989,
        "hack_digit": 0.8950149961747229,
        "!__GI___uflow": 0.0020399997010827065,
        "char_buffer_rewind": 0.04398300126194954,
        "!__GI___clone": 0.0,
        "!__mempcpy_avx_unaligned_erms": 0.008930000010877848,
        "!__GI__IO_default_xsputn": 0.0009949998930096626,
        "get_rounding_mode": 0.10265699867159128,
        "round_away": 0.0492020002566278,
        "!__GI___libc_free": 0.0,
        "!__GI_munmap": 0.0,
        "!__find_specmb": 0.0010629999451339245,
        "megasas_queue_command": 0.0,
        "!__GI__IO_file_open": 0.0,
        "!_IO_new_fclose": 0.0,
        "!_IO_vfscanf_internal": 3.4099859884008765,
        "!__libc_open64": 0.0,
        "!_IO_new_file_fopen": 0.0,
        "scratch_buffer_grow_preserve": 0.0020789997652173042,
        "!__GI___printf_fp_l": 1.14178700838238,
        "megasas_build_and_issue_cmd_fusion": 0.0,
        "new_do_write": 0.0,
        "fprintf": 0.006148999556899071,
        "IO_validate_vtable": 0.009032000787556171,
        "scratch_buffer_free": 0.0039610001258552074,
        "!__GI___libc_alloca_cutoff": 0.003962999675422907,
        "!_IO_acquire_lock_clear_flags2_fct": 0.08404799457639456,
        "!__GI__IO_default_uflow": 0.0009800000116229057,
        "!__fscanf": 0.024788000155240297,
        "char_buffer_add": 0.2731500007212162,
        "scratch_buffer_init": 0.0020730001851916313,
        "!___printf_fp": 0.007037000264972448,
        "!__GI___strtof_internal": 0.037880000192672014,
        "main": 0.09741199994459748,
        "megasas_build_ldio_fusion": 0.013747000135481358,
        "!_IO_new_file_close_it": 0.0,
        "!__mpn_lshift": 0.17690699780359864,
        "char_buffer_add_slow": 0.0,
        "!__mpn_mul_1": 0.2819850016385317,
        "!__strchrnul_avx2": 0.03512899996712804,
        "!__GI___libc_write": 0.0,
        "!_start": 0.0,
        "calloc@plt": 0.0029739998281002045,
        "!_IO_vfprintf_internal": 0.21086200000718236,
        "!_IO_new_file_write": 0.0,
        "!_fpioconst_pow10": 0.0,
        "!__GI___close_nocancel": 0.0,
        "munmap_chunk": 0.0,
        "!__strlen_avx2": 0.33435799833387136,
        "read_int": 0.017165999859571457,
        "!_IO_new_file_overflow": 0.0,
        "!__mpn_rshift": 0.01707900082692504,
        "!__libc_use_alloca": 0.0018940004520118237,
        "!__mpn_construct_float": 0.11394799593836069,
        "!_IO_new_fopen": 0.0,
        "!__mpn_extract_double": 0.01104799984022975,
        "!_IO_new_file_underflow": 0.001984999980777502,
        "!__mpn_add_1": 0.01512999925762415,
        "!__GI___libc_read": 0.001976999919861555,
        "!__fopen_internal": 0.0,
        "!___vfscanf": 0.004048999864608049,
        "!___fprintf_chk": 0.09315499849617481,
        "!__libc_start_main": 0.0,
        "!_IO_new_do_write": 0.0,
        "underflow_value": 0.020201999694108963,
        "!__mpn_cmp": 0.013206000905483961,
        "fscanf@plt": 0.0009809997864067554,
        "!__fprintf_chk@plt": 0.0070070005021989346,
        "asuint": 0.16743300389498472,
        "!__math_uflowf": 0.002756000030785799,
        "top12": 0.343796004075557,
        "logf@plt": 0.1299259951338172,
        "bs_thread": 1.2569919908419251,
        "asuint64": 0.2047189986333251,
        "BlkSchlsEqEuroNoDiv": 2.4377369950525463,
        "with_errnof": 0.008315000217407942,
        "expf@plt": 0.3876490071415901,
        "!__logf_fma": 1.315830994863063,
        "CNDF": 11.721112008206546,
        "start_thread": 0.0,
        "!__expf_fma": 5.821312002371997,
        "xflowf": 0.009765000082552433
    },
    "libs": {
        "inlined": 20.754655985627323,
        "libc-2.27.so": 7.837750021833926,
        "[heap]": 0.0,
        "[kernel.kallsyms]": 9.038734001573175,
        "[stack]": 0.0,
        "libpthread-2.27.so": 0.03027200000360608,
        "blackscholes-pthread": 1.8799669933505356,
        "[megaraid_sas]": 0.013747000135481358,
        "[unknown]": 0.0,
        "anon": 0.0,
        "libm-2.27.so": 7.149663997348398
    },
    "tidlibsFuncs": {
        "blackscholes-pt-?/64796": {
            "inlined": {
                "!_IO_new_file_xsputn": 107.00606299936771,
                "str_to_mpn": 590.0491679995321,
                "!__GI__IO_sputbackc": 152.0,
                "!__GI___uflow": 3.0,
                "!_IO_new_file_close_it": 125.0,
                "char_buffer_rewind": 44.0,
                "!__GI___clone": 1.0,
                "!__GI__IO_default_xsputn": 1.0,
                "char_buffer_add_slow": 2.0,
                "get_rounding_mode": 102.0,
                "round_away": 49.0,
                "!__GI___libc_free": 1.0,
                "!__GI_munmap": 1.0,
                "!_IO_vfprintf_internal": 3857.0,
                "!_IO_new_file_write": 124.0,
                "!__find_specmb": 30.0,
                "!__GI__IO_file_open": 22.0,
                "!__GI___close_nocancel": 125.0,
                "munmap_chunk": 1.0,
                "!_IO_new_fclose": 125.0,
                "read_int": 17.0,
                "!_IO_vfscanf_internal": 8595.0,
                "!__libc_open64": 22.0,
                "!_IO_new_file_overflow": 83.0,
                "!__libc_use_alloca": 6.0,
                "hack_digit": 1965.0,
                "!_IO_new_file_fopen": 22.0,
                "scratch_buffer_grow_preserve": 2.0,
                "new_do_write": 124.0,
                "fprintf": 4037.0,
                "IO_validate_vtable": 9.0,
                "!_IO_new_fopen": 22.0,
                "!_IO_new_file_underflow": 98.0,
                "!__mpn_add_1": 15.0,
                "!__GI___libc_read": 96.0,
                "scratch_buffer_free": 4.0,
                "!___vfscanf": 4.0,
                "!__fopen_internal": 22.0,
                "!__GI___libc_alloca_cutoff": 4.0,
                "!___fprintf_chk": 4038.0,
                "!_IO_acquire_lock_clear_flags2_fct": 84.0,
                "!__GI__IO_default_uflow": 98.0,
                "!_IO_new_do_write": 124.0,
                "!__fscanf": 8620.0,
                "underflow_value": 20.0,
                "char_buffer_add": 273.0,
                "scratch_buffer_init": 2.0,
                "!___printf_fp": 7.0,
                "!__GI___strtof_internal": 38.0
            },
            "libc-2.27.so": {
                "!__mpn_divrem": 1339.0020890007727,
                "!__mpn_mul": 70.00394400022924,
                "!__GI_____strtof_l_internal": 4686.0,
                "!__memmove_avx_unaligned_erms": 121.0,
                "@plt": 52.0,
                "hack_digit": 215.0,
                "round_and_return": 612.0071100001223,
                "!__mpn_lshift": 176.0,
                "!__mempcpy_avx_unaligned_erms": 9.0,
                "!__mpn_construct_float": 113.0,
                "!__GI___printf_fp_l": 3553.0,
                "!__mpn_extract_double": 11.0,
                "!__mpn_mul_1": 282.0,